{
  "lang":"pt",
  "name":"pipeline",
  "version":"0.0.0",
  "spacy_version":">=3.1.2,<3.2.0",
  "description":"",
  "author":"",
  "email":"",
  "url":"",
  "license":"",
  "spacy_git_version":"e1f88de72",
  "vectors":{
    "width":0,
    "vectors":0,
    "keys":0,
    "name":null
  },
  "labels":{
    "textcat":[
      "ACORDAR",
      "DORMIR",
      "GIRAR",
      "LEVANTAR BRA\u00c7OS",
      "PIADA",
      "FALAR O NOME",
      "EST\u00c1 BEM",
      "APRESENTAR",
      "FALAR SOBRE SEMEAR",
      "FALAR SOBRE ADA",
      "M\u00daSICA",
      "SOLETRAR",
      "DAN\u00c7AR"
    ]
  },
  "pipeline":[
    "textcat"
  ],
  "components":[
    "textcat"
  ],
  "disabled":[

  ],
  "performance":{
    "cats_score":0.9896911347,
    "cats_score_desc":"macro F",
    "cats_micro_p":0.990442055,
    "cats_micro_r":0.990442055,
    "cats_micro_f":0.990442055,
    "cats_macro_p":0.9890075035,
    "cats_macro_r":0.9904688776,
    "cats_macro_f":0.9896911347,
    "cats_macro_auc":0.9999129512,
    "cats_f_per_type":{
      "ACORDAR":{
        "p":1.0,
        "r":0.9770114943,
        "f":0.988372093
      },
      "DORMIR":{
        "p":0.9893617021,
        "r":1.0,
        "f":0.9946524064
      },
      "GIRAR":{
        "p":1.0,
        "r":0.9795918367,
        "f":0.9896907216
      },
      "LEVANTAR BRA\u00c7OS":{
        "p":1.0,
        "r":1.0,
        "f":1.0
      },
      "PIADA":{
        "p":0.9824561404,
        "r":0.9824561404,
        "f":0.9824561404
      },
      "FALAR O NOME":{
        "p":0.9761904762,
        "r":0.9761904762,
        "f":0.9761904762
      },
      "EST\u00c1 BEM":{
        "p":1.0,
        "r":1.0,
        "f":1.0
      },
      "APRESENTAR":{
        "p":0.95,
        "r":0.9743589744,
        "f":0.9620253165
      },
      "FALAR SOBRE SEMEAR":{
        "p":1.0,
        "r":1.0,
        "f":1.0
      },
      "FALAR SOBRE ADA":{
        "p":1.0,
        "r":1.0,
        "f":1.0
      },
      "M\u00daSICA":{
        "p":0.9864864865,
        "r":0.9864864865,
        "f":0.9864864865
      },
      "SOLETRAR":{
        "p":1.0,
        "r":1.0,
        "f":1.0
      },
      "DAN\u00c7AR":{
        "p":0.9726027397,
        "r":1.0,
        "f":0.9861111111
      }
    },
    "cats_macro_auc_per_type":0.0,
    "textcat_loss":0.0007378219
  }
}