{
  "token_acc":1.0,
  "token_p":1.0,
  "token_r":1.0,
  "token_f":1.0,
  "cats_score":0.9897001627,
  "cats_score_desc":"macro F",
  "cats_micro_p":0.9903846154,
  "cats_micro_r":0.9903846154,
  "cats_micro_f":0.9903846154,
  "cats_macro_p":0.9887889702,
  "cats_macro_r":0.9907789042,
  "cats_macro_f":0.9897001627,
  "cats_macro_auc":0.9999273197,
  "cats_f_per_type":{
    "ACORDAR":{
      "p":1.0,
      "r":0.9770114943,
      "f":0.988372093
    },
    "DORMIR":{
      "p":0.9893617021,
      "r":1.0,
      "f":0.9946524064
    },
    "GIRAR":{
      "p":1.0,
      "r":0.9795918367,
      "f":0.9896907216
    },
    "LEVANTAR BRA\u00c7OS":{
      "p":1.0,
      "r":1.0,
      "f":1.0
    },
    "PIADA":{
      "p":0.9661016949,
      "r":1.0,
      "f":0.9827586207
    },
    "FALAR O NOME":{
      "p":0.9761904762,
      "r":0.9761904762,
      "f":0.9761904762
    },
    "EST\u00c1 BEM":{
      "p":1.0,
      "r":1.0,
      "f":1.0
    },
    "APRESENTAR":{
      "p":0.95,
      "r":0.9743589744,
      "f":0.9620253165
    },
    "FALAR SOBRE SEMEAR":{
      "p":1.0,
      "r":1.0,
      "f":1.0
    },
    "FALAR SOBRE ADA":{
      "p":1.0,
      "r":1.0,
      "f":1.0
    },
    "M\u00daSICA":{
      "p":1.0,
      "r":0.972972973,
      "f":0.9863013699
    },
    "SOLETRAR":{
      "p":1.0,
      "r":1.0,
      "f":1.0
    },
    "DAN\u00c7AR":{
      "p":0.9726027397,
      "r":1.0,
      "f":0.9861111111
    }
  },
  "cats_auc_per_type":{
    "ACORDAR":0.9999382859,
    "DORMIR":0.9999854497,
    "GIRAR":0.999972196,
    "LEVANTAR BRA\u00c7OS":1.0,
    "PIADA":0.9999547255,
    "FALAR O NOME":0.9997136829,
    "EST\u00c1 BEM":1.0,
    "APRESENTAR":0.9995634882,
    "FALAR SOBRE SEMEAR":1.0,
    "FALAR SOBRE ADA":1.0,
    "M\u00daSICA":0.9999643443,
    "SOLETRAR":1.0,
    "DAN\u00c7AR":0.9999629842
  },
  "speed":12607.0103405578
}